Team Name,Boston Fleet,Montreal Victoire,New York Sirens,Toronto Sceptres,Ottawa Charge,Vancouver Goldeneyes,Seattle Torrent,Minnesota Frost
thepdub,Jamie Lee Rattray (F),Marie-Philip Poulin (F),Sarah Fillier (F),Renata Fast (D),Jocelyne Larocque (D),Emerance Maschmeyer (G),Julia Gosling (F),Mae Batherson (D)
the mighty pucks,Abby Newhook (F) R,Marie-Philip Poulin (F),Kayla Vespa (F),Natalie Spooner (F),Jocelyne Larocque (D),Sarah Nurse (F),Megan Carter (D),Cameron Slichk (D)
monaghan,Zoe Boyd (D),Marie-Philip Poulin (F),Sarah Fillier (F),Renata Fast (D),Emily Clark (F),Hannah Miller (F),Corinne Schroeder (G),Abby Hustler (F) R
killaJillaz,Jill Saulnier (F),Marie-Philip Poulin (F),Sarah Fillier (F),Ella Shelton (D),Emily Clark (F),Emerance Maschmeyer (G),Danielle Serdachny (F),Kendall Cooper (D) R
kacey77,Jamie Lee Rattray (F),Marie-Philip Poulin (F),Sarah Fillier (F),Renata Fast (D),Emily Clark (F),Hannah Miller (F),Corinne Schroeder (G),Abby Hustler (F) R
blulyner ,Abby Newhook (F) R,Marie-Philip Poulin (F),Sarah Fillier (F),Daryl Watts (F),Jocelyne Larocque (D),Emerance Maschmeyer (G),Julia Gosling (F),Abby Hustler (F) R
agent 007 ,Abby Newhook (F) R,Marie-Philip Poulin (F),Sarah Fillier (F),Ella Shelton (D),Emily Clark (F),Sophie Jaques (D),Corinne Schroeder (G),Abby Hustler (F) R
Ziggy's Zingers,Jamie Lee Rattray (F),Laura Stacey (F),Kristin O’Neill (F),Raygan Kirk (G),Emily Clark (F),Claire Thompson (D),Jenna Buglioni (F) R,Mae Batherson (D)
Zelion's,Jill Saulnier (F),Marie-Philip Poulin (F),Sarah Fillier (F),Elaine Chuli (G),Jocelyne Larocque (D),Sophie Jaques (D),Danielle Serdachny (F),Alyssa Machado (F)
Zamboni girl,Kaitlyn Ross (G),Marie-Philip Poulin (F),Sarah Fillier (F),Natalie Spooner (F),Jocelyne Larocque (D),Sarah Nurse (F),Megan Carter (D),Kendall Cooper (D) R
Winter Storm,Jamie Lee Rattray (F),Ann-Renée Desbiens (G),Maddi Wheeler (F) R,Renata Fast (D),Jocelyne Larocque (D),Hannah Miller (F),Jessie Eldridge (F),Kendall Cooper (D) R
Whitewood Stars,Loren Gabel (F),Laura Stacey (F),Kristin O’Neill (F),Natalie Spooner (F),Emily Clark (F),Sophie Jaques (D),Mikyla Grant-Mentis (F),Alyssa Machado (F)
Where Mama Keeps The Peanut Butter...,Jamie Lee Rattray (F),Erin Ambrose (D),Sarah Fillier (F),Raygan Kirk (G),Brianne Jenner (F),Sarah Nurse (F),Danielle Serdachny (F),Kendall Cooper (D) R
What the helly,Jamie Lee Rattray (F),Marie-Philip Poulin (F),Micah Zandee-Hart (D),Natalie Spooner (F),Emily Clark (F),Sarah Nurse (F),Julia Gosling (F),Abby Hustler (F) R
Westcoast ,Sophie Shirley (F),Ann-Renée Desbiens (G),Sarah Fillier (F),Daryl Watts (F),Brianne Jenner (F),Sophie Jaques (D),Jenna Buglioni (F) R,Kendall Cooper (D) R
West Coast Reign,Jamie Lee Rattray (F),Marie-Philip Poulin (F),Sarah Fillier (F),Daryl Watts (F),Emily Clark (F),Sophie Jaques (D),Corinne Schroeder (G),Mae Batherson (D)
We stand on Gardiner for thee,Abby Newhook (F) R,Marie-Philip Poulin (F),Sarah Fillier (F),Daryl Watts (F),Jocelyne Larocque (D),Jennifer Gardiner (F),Carly Jackson (G),Mae Batherson (D)
We Will Larocque You,Loren Gabel (F),Marie-Philip Poulin (F),Sarah Fillier (F),Renata Fast (D),Emily Clark (F),Sophie Jaques (D),Corinne Schroeder (G),Abby Hustler (F) R
Watt’s Goin’ On,Zoe Boyd (D),Marie-Philip Poulin (F),Sarah Fillier (F),Daryl Watts (F),Jocelyne Larocque (D),Hannah Miller (F),Corinne Schroeder (G),Abby Hustler (F) R
Warriors,Loren Gabel (F),Ann-Renée Desbiens (G),Sarah Fillier (F),Ella Shelton (D),Brianne Jenner (F),Sarah Nurse (F),Danielle Serdachny (F),Kendall Cooper (D) R
Walters warriors,Jamie Lee Rattray (F),Laura Stacey (F),Sarah Fillier (F),Renata Fast (D),Emily Clark (F),Sophie Jaques (D),Jessie Eldridge (F),Kendall Cooper (D) R
Walter Cup Contenders ,Loren Gabel (F),Marie-Philip Poulin (F),Sarah Fillier (F),Renata Fast (D),Emily Clark (F),Emerance Maschmeyer (G),Julia Gosling (F),Kendall Cooper (D) R
Vulcan,Abby Newhook (F) R,Marie-Philip Poulin (F),Sarah Fillier (F),Emma Maltais (F),Logan Angers (G),Claire Thompson (D),Megan Carter (D),Marlène Boissonnault (G)
Vixens ,Abby Newhook (F) R,Marie-Philip Poulin (F),Sarah Fillier (F),Renata Fast (D),Brianne Jenner (F),Jennifer Gardiner (F),Corinne Schroeder (G),Vanessa Upson (F)
Victoire ,Olivia Muhn (D),Marie-Philip Poulin (F),Maddi Wheeler (F) R,Blayre Turnbull (F),Emily Clark (F),Brianna Brooks (F) R,Carly Jackson (G),Mae Batherson (D)
Vichaptrey Sirstorfle,Jamie Lee Rattray (F),Laura Stacey (F),Sarah Fillier (F),Daryl Watts (F),Emily Clark (F),Sophie Jaques (D),Corinne Schroeder (G),Kendall Cooper (D) R
Vegas2006,Rylind MacKinnon (D),Marie-Philip Poulin (F),Sarah Fillier (F),Renata Fast (D),Jocelyne Larocque (D),Sarah Nurse (F),Megan Carter (D),Kendall Cooper (D) R
Vegas Winners,Kaitlyn Ross (G),Marie-Philip Poulin (F),Sarah Fillier (F),Renata Fast (D),Brianne Jenner (F),Sarah Nurse (F),Danielle Serdachny (F),Kendall Cooper (D) R
Vanadium Valour,Abby Newhook (F) R,Ann-Renée Desbiens (G),Kristin O’Neill (F),Ella Shelton (D),Jocelyne Larocque (D),Jennifer Gardiner (F),Mikyla Grant-Mentis (F),Abby Hustler (F) R
V for Victory,Zoe Boyd (D),Marie-Philip Poulin (F),Kristin O’Neill (F),Daryl Watts (F),Emily Clark (F),Jennifer Gardiner (F),Danielle Serdachny (F),Kendall Cooper (D) R
Ultimate,Abby Newhook (F) R,Marie-Philip Poulin (F),Sarah Fillier (F),Blayre Turnbull (F),Emily Clark (F),Sarah Nurse (F),Jessie Eldridge (F),Abby Hustler (F) R
Two Rooks Are Better Than One Knight,Abby Newhook (F) R,Marie-Philip Poulin (F),Sarah Fillier (F),Daryl Watts (F),Emily Clark (F),Hannah Miller (F),Jessie Eldridge (F),Abby Hustler (F) R
True North,Jamie Lee Rattray (F),Ann-Renée Desbiens (G),Anne Cherkowski (F) R,Allie Munroe (D),Brooke Hobson (D),Hannah Miller (F),Jessie Eldridge (F),Alyssa Machado (F)
Triggersgals,Jamie Lee Rattray (F),Marie-Philip Poulin (F),Anne Cherkowski (F) R,Renata Fast (D),Emily Clark (F),Emerance Maschmeyer (G),Danielle Serdachny (F),Mae Batherson (D)
Trash Pandas ,Abby Newhook (F) R,Marie-Philip Poulin (F),Maddi Wheeler (F) R,Natalie Spooner (F),Emily Clark (F),Sarah Nurse (F),Julia Gosling (F),Abby Hustler (F) R
Toronto sixes,Jamie Lee Rattray (F),Marie-Philip Poulin (F),Dayle Ross (D) R,Renata Fast (D),Emily Clark (F),Kristen Campbell (G),Jessie Eldridge (F),Abby Hustler (F) R
Toronto sceptres ,Abby Newhook (F) R,Marie-Philip Poulin (F),Sarah Fillier (F),Renata Fast (D),Emily Clark (F),Hannah Miller (F),Julia Gosling (F),Vanessa Upson (F)
Toronto Schecters,Jamie Lee Rattray (F),Marie-Philip Poulin (F),Sarah Fillier (F),Renata Fast (D),Brianne Jenner (F),Sarah Nurse (F),Julia Gosling (F),Kendall Cooper (D) R
Toronto Paws,Jamie Lee Rattray (F),Marie-Philip Poulin (F),Olivia Knowles (D),Blayre Turnbull (F),Jocelyne Larocque (D),Emerance Maschmeyer (G),Julia Gosling (F),Kendall Cooper (D) R
Toronto ,Jamie Lee Rattray (F),Marie-Philip Poulin (F),Jaime Bourbonnais (D),Natalie Spooner (F),Brianne Jenner (F),Sarah Nurse (F),Megan Carter (D),Cameron Slichk (D)
Top shelf,Jamie Lee Rattray (F),Marie-Philip Poulin (F),Sarah Fillier (F),Renata Fast (D),Emily Clark (F),Sophie Jaques (D),Corinne Schroeder (G),Abby Hustler (F) R
Top Shelf Terrors,Jamie Lee Rattray (F),Nicole Gosling (D),Olivia Knowles (D),Natalie Spooner (F),Brianne Jenner (F),Kristen Campbell (G),Lexie Adzija (F),Abby Hustler (F) R
Top Shelf,Zoe Boyd (D),Marie-Philip Poulin (F),Sarah Fillier (F),Renata Fast (D),Brianne Jenner (F),Emerance Maschmeyer (G),Danielle Serdachny (F),Vanessa Upson (F)
Tobermory Tempest,Jamie Lee Rattray (F),Marie-Philip Poulin (F),Sarah Fillier (F),Renata Fast (D),Emily Clark (F),Emerance Maschmeyer (G),Danielle Serdachny (F),Kendall Cooper (D) R
Tobermory Blue,Jamie Lee Rattray (F),Marie-Philip Poulin (F),Sarah Fillier (F),Ella Shelton (D),Jocelyne Larocque (D),Emerance Maschmeyer (G),Danielle Serdachny (F),Abby Hustler (F) R
Thunders,Zoe Boyd (D),Marie-Philip Poulin (F),Sarah Fillier (F),Renata Fast (D),Brianne Jenner (F),Emerance Maschmeyer (G),Danielle Serdachny (F),Vanessa Upson (F)
Thunderbolts ,Abby Newhook (F) R,Marie-Philip Poulin (F),Kristin O’Neill (F),Maggie Connors (F),Emily Clark (F),Sarah Nurse (F),Corinne Schroeder (G),Kendall Cooper (D) R
Thresher ,Kelly Babstock (F),Marie-Philip Poulin (F),Kristin O’Neill (F),Renata Fast (D),Emily Clark (F),Emerance Maschmeyer (G),Megan Carter (D),Abby Hustler (F) R
They’re Grrrrrrr8,Jamie Lee Rattray (F),Ann-Renée Desbiens (G),Sarah Fillier (F),Ella Shelton (D),Emily Clark (F),Jennifer Gardiner (F),Mikyla Grant-Mentis (F),Kendall Cooper (D) R
They Hustle Fast,Jill Saulnier (F),Ann-Renée Desbiens (G),Sarah Fillier (F),Renata Fast (D),Jocelyne Larocque (D),Jennifer Gardiner (F),Jessie Eldridge (F),Abby Hustler (F) R
Thelma and Louise strike back,Zoe Boyd (D),Marie-Philip Poulin (F),Anne Cherkowski (F) R,Renata Fast (D),Rebecca Leslie (F),Sarah Nurse (F),Corinne Schroeder (G),Abby Hustler (F) R
The_Vibe_Raiders,Zoe Boyd (D),Laura Stacey (F),Sarah Fillier (F),Ella Shelton (D),Alexa Vasko (F),Emerance Maschmeyer (G),Danielle Serdachny (F),Abby Hustler (F) R
The blue sharks ,Abby Newhook (F) R,Marie-Philip Poulin (F),Sarah Fillier (F),Renata Fast (D),Emily Clark (F),Jennifer Gardiner (F),Julia Gosling (F),Abby Hustler (F) R
The Zamboni Zippers,Zoe Boyd (D),Laura Stacey (F),Anne Cherkowski (F) R,Emma Maltais (F),Jocelyne Larocque (D),Emerance Maschmeyer (G),Jessie Eldridge (F),Alyssa Machado (F)
The Wave ,Rylind MacKinnon (D),Marie-Philip Poulin (F),Kristin O’Neill (F),Renata Fast (D),Emily Clark (F),Jennifer Gardiner (F),Jessie Eldridge (F),Mae Batherson (D)
The Stegs,Abby Newhook (F) R,Marie-Philip Poulin (F),Sarah Fillier (F),Lauren Messier (F),Stephanie Markowski (D),Sarah Nurse (F),Marah Wagner (F),Marlène Boissonnault (G)
The Redo ,Jamie Lee Rattray (F),Ann-Renée Desbiens (G),Sarah Fillier (F),Renata Fast (D),Emily Clark (F),Sophie Jaques (D),Jessie Eldridge (F),Abby Hustler (F) R
The Ratt(ray) Pack,Jamie Lee Rattray (F),Marie-Philip Poulin (F),Sarah Fillier (F),Renata Fast (D),Emily Clark (F),Emerance Maschmeyer (G),Jessie Eldridge (F),Kendall Cooper (D) R
The Power of Friendship,Jamie Lee Rattray (F),Marie-Philip Poulin (F),Sarah Fillier (F),Daryl Watts (F),Emily Clark (F),Sophie Jaques (D),Corinne Schroeder (G),Kendall Cooper (D) R
The Muskies,Abby Newhook (F) R,Laura Stacey (F),Sarah Fillier (F),Renata Fast (D),Sarah Wozniewicz (F) R,Sarah Nurse (F),Danielle Serdachny (F),Marlène Boissonnault (G)
The Maple Wolves,Jamie Lee Rattray (F),Marie-Philip Poulin (F),Sarah Fillier (F),Renata Fast (D),Emily Clark (F),Emerance Maschmeyer (G),Jenna Buglioni (F) R,Kendall Cooper (D) R
The M and M's,Abby Newhook (F) R,Marie-Philip Poulin (F),Sarah Fillier (F),Renata Fast (D),Brianne Jenner (F),Sarah Nurse (F),Carly Jackson (G),Mae Batherson (D)
The Kitchener Waterloos,Jill Saulnier (F),Nicole Gosling (D),Sarah Fillier (F),Elaine Chuli (G),Jocelyne Larocque (D),Sarah Nurse (F),Mikyla Grant-Mentis (F),Marlène Boissonnault (G)
The Jbest team,Jamie Lee Rattray (F),Marie-Philip Poulin (F),Sarah Fillier (F),Ella Shelton (D),Samantha Isbell (D),Emerance Maschmeyer (G),Danielle Serdachny (F),Kendall Cooper (D) R
The Jailbreakers,Zoe Boyd (D),Katie Tabin (D),Maddi Wheeler (F) R,Emma Maltais (F),Emily Clark (F),Emerance Maschmeyer (G),Lexie Adzija (F),Kendall Cooper (D) R
The Ice Alchemists,Abby Newhook (F) R,Marie-Philip Poulin (F),Sarah Fillier (F),Renata Fast (D),Emily Clark (F),Hannah Miller (F),Corinne Schroeder (G),Mae Batherson (D)
The Hosettes,Zoe Boyd (D),Marie-Philip Poulin (F),Sarah Fillier (F),Renata Fast (D),Brianne Jenner (F),Emerance Maschmeyer (G),Jessie Eldridge (F),Abby Hustler (F) R
The Gundersons,Sophie Shirley (F),Nicole Gosling (D),Sarah Fillier (F),Raygan Kirk (G),Sarah Wozniewicz (F) R,Sarah Nurse (F),Mikyla Grant-Mentis (F),Mae Batherson (D)
The Goldberg’s,Kaitlyn Ross (G),Erin Ambrose (D),Micah Zandee-Hart (D),Blayre Turnbull (F),Brianne Jenner (F),Brooke McQuigge (F),Jenna Buglioni (F) R,Kendall Cooper (D) R
The Frozen Force,Zoe Boyd (D),Laura Stacey (F),Sarah Fillier (F),Natalie Spooner (F),Emily Clark (F),Emerance Maschmeyer (G),Danielle Serdachny (F),Mae Batherson (D)
The Fossils,Jamie Lee Rattray (F),Laura Stacey (F),Sarah Fillier (F),Renata Fast (D),Jocelyne Larocque (D),Emerance Maschmeyer (G),Danielle Serdachny (F),Kendall Cooper (D) R
The Finger Crossers,Rylind MacKinnon (D),Marie-Philip Poulin (F),Micah Zandee-Hart (D),Emma Maltais (F),Emily Clark (F),Emerance Maschmeyer (G),Julia Gosling (F),Mae Batherson (D)
The Eh-Team,Jamie Lee Rattray (F),Marie-Philip Poulin (F),Sarah Fillier (F),Elaine Chuli (G),Emily Clark (F),Brianna Brooks (F) R,Megan Carter (D),Mae Batherson (D)
The Clements,Zoe Boyd (D),Laura Stacey (F),Maddi Wheeler (F) R,Renata Fast (D),Brianne Jenner (F),Ashton Bell (D),Carly Jackson (G),Abby Hustler (F) R
The Clams,Abby Newhook (F) R,Marie-Philip Poulin (F),Sarah Fillier (F),Renata Fast (D),Emily Clark (F),Sophie Jaques (D),Danielle Serdachny (F),Marlène Boissonnault (G)
The Canadian Rockies,Olivia Muhn (D),Marie-Philip Poulin (F),Sarah Fillier (F),Daryl Watts (F),Emily Clark (F),Hannah Miller (F),Corinne Schroeder (G),Kendall Cooper (D) R
The Budgies,Abby Newhook (F) R,Marie-Philip Poulin (F),Sarah Fillier (F),Daryl Watts (F),Emily Clark (F),Sarah Nurse (F),Julia Gosling (F),Abby Hustler (F) R
The Beaver Tails,Zoe Boyd (D),Marie-Philip Poulin (F),Sarah Fillier (F),Emma Maltais (F),Jocelyne Larocque (D),Brianna Brooks (F) R,Corinne Schroeder (G),Marlène Boissonnault (G)
The Beans,Abby Newhook (F) R,Katie Tabin (D),Sarah Fillier (F),Renata Fast (D),Emily Clark (F),Claire Thompson (D),Carly Jackson (G),Mae Batherson (D)
The Backup Plan,Jamie Lee Rattray (F),Laura Stacey (F),Sarah Fillier (F),Renata Fast (D),Emily Clark (F),Sophie Jaques (D),Jessie Eldridge (F),Abby Hustler (F) R
The B Team,Jamie Lee Rattray (F),Marie-Philip Poulin (F),Sarah Fillier (F),Ella Shelton (D),Brianne Jenner (F),Ashton Bell (D),Mikyla Grant-Mentis (F),Mae Batherson (D)
The Avengers,Jamie Lee Rattray (F),Marie-Philip Poulin (F),Sarah Fillier (F),Daryl Watts (F),Emily Clark (F),Sophie Jaques (D),Corinne Schroeder (G),Mae Batherson (D)
The ABCs (Always Boo Curl),Jamie Lee Rattray (F),Marie-Philip Poulin (F),Sarah Fillier (F),Renata Fast (D),Emily Clark (F),Hannah Miller (F),Corinne Schroeder (G),Kendall Cooper (D) R
That don’t impress me much,Jamie Lee Rattray (F),Nicole Gosling (D),Kristin O’Neill (F),Daryl Watts (F),Emily Clark (F),Hannah Miller (F),Olivia Wallin (F) R,Kendall Cooper (D) R
That B,Jill Saulnier (F),Laura Stacey (F),Sarah Fillier (F),Daryl Watts (F),Emily Clark (F),Jennifer Gardiner (F),Jessie Eldridge (F),Kendall Cooper (D) R
Tempos,Jamie Lee Rattray (F),Marie-Philip Poulin (F),Kristin O’Neill (F),Natalie Spooner (F),Emily Clark (F),Jennifer Gardiner (F),Carly Jackson (G),Abby Hustler (F) R
Teem dancing Puppies,Loren Gabel (F),Ann-Renée Desbiens (G),Sarah Fillier (F),Renata Fast (D),Brianne Jenner (F),Sarah Nurse (F),Julia Gosling (F),Kendall Cooper (D) R
Team clutch,Jamie Lee Rattray (F),Marie-Philip Poulin (F),Jaime Bourbonnais (D),Renata Fast (D),Emily Clark (F),Emerance Maschmeyer (G),Julia Gosling (F),Abby Hustler (F) R
Team KD,Jamie Lee Rattray (F),Marie-Philip Poulin (F),Sarah Fillier (F),Renata Fast (D),Emily Clark (F),Hannah Miller (F),Jessie Eldridge (F),Abby Hustler (F) R
Team Dax ,Zoe Boyd (D),Marie-Philip Poulin (F),Sarah Fillier (F),Daryl Watts (F),Jocelyne Larocque (D),Emerance Maschmeyer (G),Lexie Adzija (F),Kendall Cooper (D) R
Team ,Jamie Lee Rattray (F),Marie-Philip Poulin (F),Sarah Fillier (F),Renata Fast (D),Emily Clark (F),Emerance Maschmeyer (G),Jenna Buglioni (F) R,Mae Batherson (D)
TallGiraffe,Jamie Lee Rattray (F),Marie-Philip Poulin (F),Sarah Fillier (F),Ella Shelton (D),Emily Clark (F),Michela Cava (F),Jessie Eldridge (F),Kendall Cooper (D) R
TO Girl Who Loves The PWHL,Jamie Lee Rattray (F),Marie-Philip Poulin (F),Sarah Fillier (F),Renata Fast (D),Emily Clark (F),Emerance Maschmeyer (G),Megan Carter (D),Mae Batherson (D)
TNT,Abby Newhook (F) R,Erin Ambrose (D),Kayla Vespa (F),Natalie Spooner (F),Jocelyne Larocque (D),Sarah Nurse (F),Carly Jackson (G),Vanessa Upson (F)
Surfsiders,Zoe Boyd (D),Marie-Philip Poulin (F),Sarah Fillier (F),Renata Fast (D),Emily Clark (F),Emerance Maschmeyer (G),Danielle Serdachny (F),Abby Hustler (F) R
Stratford PWHL fan,Jamie Lee Rattray (F),Marie-Philip Poulin (F),Sarah Fillier (F),Daryl Watts (F),Emily Clark (F),Emerance Maschmeyer (G),Danielle Serdachny (F),Mae Batherson (D)
Sticky sisters ,Olivia Muhn (D),Marie-Philip Poulin (F),Sarah Fillier (F),Natalie Spooner (F),Jocelyne Larocque (D),Sarah Nurse (F),Hannah Murphy (G) R,Marlène Boissonnault (G)
Stick Magnets,Jamie Lee Rattray (F),Marie-Philip Poulin (F),Kristin O’Neill (F),Ella Shelton (D),Jocelyne Larocque (D),Emerance Maschmeyer (G),Danielle Serdachny (F),Abby Hustler (F) R
Stephanie's Scepters,Zoe Boyd (D),Marie-Philip Poulin (F),Sarah Fillier (F),Natalie Spooner (F),Emily Clark (F),Emerance Maschmeyer (G),Julia Gosling (F),Kendall Cooper (D) R
Steph22,Jamie Lee Rattray (F),Ann-Renée Desbiens (G),Sarah Fillier (F),Ella Shelton (D),Emily Clark (F),Claire Thompson (D),Jessie Eldridge (F),Abby Hustler (F) R
Stay Golden,Jamie Lee Rattray (F),Marie-Philip Poulin (F),Sarah Fillier (F),Natalie Spooner (F),Jocelyne Larocque (D),Jennifer Gardiner (F),Corinne Schroeder (G),Kendall Cooper (D) R
Starfizzles,Zoe Boyd (D),Erin Ambrose (D),Sarah Fillier (F),Emma Maltais (F),Emily Clark (F),Emerance Maschmeyer (G),Olivia Wallin (F) R,Abby Hustler (F) R
Stardust,Zoe Boyd (D),Marie-Philip Poulin (F),Sarah Fillier (F),Renata Fast (D),Emily Clark (F),Hannah Miller (F),Corinne Schroeder (G),Abby Hustler (F) R
Star studded ,Jamie Lee Rattray (F),Marie-Philip Poulin (F),Kayle Osborne (G),Renata Fast (D),Emily Clark (F),Jennifer Gardiner (F),Danielle Serdachny (F),Kendall Cooper (D) R
Squidz_14,Jamie Lee Rattray (F),Laura Stacey (F),Sarah Fillier (F),Elaine Chuli (G),Emily Clark (F),Charneat Bassi (F) R,Olivia Wallin (F) R,Abby Hustler (F) R
Spoonerisms,Jamie Lee Rattray (F),Laura Stacey (F),Maddi Wheeler (F) R,Renata Fast (D),Sarah Wozniewicz (F) R,Sarah Nurse (F),Corinne Schroeder (G),Kendall Cooper (D) R
Spooner or Later,Abby Newhook (F) R,Marie-Philip Poulin (F),Sarah Fillier (F),Renata Fast (D),Brianne Jenner (F),Sophie Jaques (D),Corinne Schroeder (G),Vanessa Upson (F)
Spooner Shooters ,Sophie Shirley (F),Marie-Philip Poulin (F),Sarah Fillier (F),Natalie Spooner (F),Jocelyne Larocque (D),Emerance Maschmeyer (G),Danielle Serdachny (F),Kendall Cooper (D) R
Spooks,Abby Newhook (F) R,Ann-Renée Desbiens (G),Sarah Fillier (F),Emma Maltais (F),Brianne Jenner (F),Sophie Jaques (D),Danielle Serdachny (F),Abby Hustler (F) R
Sparkle Balls,Jamie Lee Rattray (F),Marie-Philip Poulin (F),Sarah Fillier (F),Renata Fast (D),Sarah Wozniewicz (F) R,Emerance Maschmeyer (G),Mikyla Grant-Mentis (F),Mae Batherson (D)
Snipers,Zoe Boyd (D),Marie-Philip Poulin (F),Kristin O’Neill (F),Renata Fast (D),Jocelyne Larocque (D),Sarah Nurse (F),Carly Jackson (G),Marlène Boissonnault (G)
Slushverte,Jamie Lee Rattray (F),Marie-Philip Poulin (F),Sarah Fillier (F),Daryl Watts (F),Emily Clark (F),Claire Thompson (D),Hannah Murphy (G) R,Kendall Cooper (D) R
SlipperySkaters,Sophie Shirley (F),Marie-Philip Poulin (F),Anne Cherkowski (F) R,Elaine Chuli (G),Samantha Isbell (D),Sarah Nurse (F),Julia Gosling (F),Kendall Cooper (D) R
Sky Skaters,Rylind MacKinnon (D),Ann-Renée Desbiens (G),Olivia Knowles (D),Natalie Spooner (F),Sarah Wozniewicz (F) R,Jennifer Gardiner (F),Jessie Eldridge (F),Abby Hustler (F) R
Sirens,Jill Saulnier (F),Nicole Gosling (D),Sarah Fillier (F),Ella Shelton (D),Brooke Hobson (D),Emerance Maschmeyer (G),Corinne Schroeder (G),Abby Hustler (F) R
Sin Bin Sisters,Abby Newhook (F) R,Marie-Philip Poulin (F),Sarah Fillier (F),Blayre Turnbull (F),Emily Clark (F),Claire Thompson (D),Corinne Schroeder (G),Mae Batherson (D)
Silly Geese,Jamie Lee Rattray (F),Ann-Renée Desbiens (G),Kayle Osborne (G),Raygan Kirk (G),Emily Clark (F),Sophie Jaques (D),Corinne Schroeder (G),Kendall Cooper (D) R
Shooting Stars,Jamie Lee Rattray (F),Ann-Renée Desbiens (G),Sarah Fillier (F),Daryl Watts (F),Emily Clark (F),Sophie Jaques (D),Corinne Schroeder (G),Vanessa Upson (F)
Shockers,Abby Newhook (F) R,Marie-Philip Poulin (F),Sarah Fillier (F),Renata Fast (D),Kendra Woodland (G),Michela Cava (F),Hannah Murphy (G) R,Cameron Slichk (D)
ShiftingGears,Zoe Boyd (D),Ann-Renée Desbiens (G),Anne Cherkowski (F) R,Renata Fast (D),Brianne Jenner (F),Hannah Miller (F),Carly Jackson (G),Mae Batherson (D)
"She's Gay, Marcus",Sophie Shirley (F),Laura Stacey (F),Kristin O’Neill (F),Renata Fast (D),Emily Clark (F),Hannah Miller (F),Corinne Schroeder (G),Kendall Cooper (D) R
"She Shoots, She Scores",Jamie Lee Rattray (F),Marie-Philip Poulin (F),Sarah Fillier (F),Daryl Watts (F),Jocelyne Larocque (D),Sarah Nurse (F),Danielle Serdachny (F),Abby Hustler (F) R
Sharp Shooters,Kelly Babstock (F),Marie-Philip Poulin (F),Dayle Ross (D) R,Elaine Chuli (G),Emily Clark (F),Jennifer Gardiner (F),Mikyla Grant-Mentis (F),Mae Batherson (D)
Shanda,Jamie Lee Rattray (F),Laura Stacey (F),Kayla Vespa (F),Renata Fast (D),Brianne Jenner (F),Emerance Maschmeyer (G),Danielle Serdachny (F),Kendall Cooper (D) R
Serrags86,Abby Newhook (F) R,Ann-Renée Desbiens (G),Sarah Fillier (F),Daryl Watts (F),Emily Clark (F),Claire Thompson (D),Jessie Eldridge (F),Abby Hustler (F) R
Scrub Squad ,Rylind MacKinnon (D),Jessica Digirolamo (D),Maddi Wheeler (F) R,Maggie Connors (F),Emily Clark (F),Sarah Nurse (F),Carly Jackson (G),Abby Hustler (F) R
Scissor City Hockey Club,Jamie Lee Rattray (F),Marie-Philip Poulin (F),Sarah Fillier (F),Renata Fast (D),Emily Clark (F),Sophie Jaques (D),Jessie Eldridge (F),Abby Hustler (F) R
Sceptastic,Abby Newhook (F) R,Laura Stacey (F),Sarah Fillier (F),Renata Fast (D),Emily Clark (F),Emerance Maschmeyer (G),Julia Gosling (F),Marlène Boissonnault (G)
Scarlett’s Great Girls,Abby Newhook (F) R,Marie-Philip Poulin (F),Micah Zandee-Hart (D),Daryl Watts (F),Brianne Jenner (F),Kristen Campbell (G),Jenna Buglioni (F) R,Kendall Cooper (D) R
Sask Storm ,Zoe Boyd (D),Marie-Philip Poulin (F),Sarah Fillier (F),Ella Shelton (D),Emily Clark (F),Emerance Maschmeyer (G),Danielle Serdachny (F),Abby Hustler (F) R
Sarah's Victoire,Jamie Lee Rattray (F),Marie-Philip Poulin (F),Sarah Fillier (F),Daryl Watts (F),Emily Clark (F),Claire Thompson (D),Corinne Schroeder (G),Kendall Cooper (D) R
Sals team,Abby Newhook (F) R,Marie-Philip Poulin (F),Olivia Knowles (D),Natalie Spooner (F),Sarah Wozniewicz (F) R,Claire Thompson (D),Mikyla Grant-Mentis (F),Marlène Boissonnault (G)
Sally's Stars,Jamie Lee Rattray (F),Marie-Philip Poulin (F),Sarah Fillier (F),Renata Fast (D),Emily Clark (F),Sophie Jaques (D),Corinne Schroeder (G),Abby Hustler (F) R
STARS '91,Jamie Lee Rattray (F),Ann-Renée Desbiens (G),Sarah Fillier (F),Daryl Watts (F),Emily Clark (F),Sophie Jaques (D),Jessie Eldridge (F),Mae Batherson (D)
SIN BIN SISTERS,Abby Newhook (F) R,Marie-Philip Poulin (F),Sarah Fillier (F),Blayre Turnbull (F),Emily Clark (F),Claire Thompson (D),Corinne Schroeder (G),Mae Batherson (D)
Rusty Ninja,Abby Newhook (F) R,Marie-Philip Poulin (F),Emmy Fecteau (F),Natalie Spooner (F),Brooke Hobson (D),Sarah Nurse (F),Megan Carter (D),Marlène Boissonnault (G)
Ruby's Begonias,Abby Newhook (F) R,Marie-Philip Poulin (F),Sarah Fillier (F),Renata Fast (D),Emily Clark (F),Emerance Maschmeyer (G),Lexie Adzija (F),Kendall Cooper (D) R
Rood’s Brood,Zoe Boyd (D),Marie-Philip Poulin (F),Sarah Fillier (F),Renata Fast (D),Emily Clark (F),Kristen Campbell (G),Julia Gosling (F),Abby Hustler (F) R
Rolphison,Zoe Boyd (D),Laura Stacey (F),Sarah Fillier (F),Renata Fast (D),Emily Clark (F),Jennifer Gardiner (F),Corinne Schroeder (G),Abby Hustler (F) R
Rock the puck ,Abby Newhook (F) R,Marie-Philip Poulin (F),Emmy Fecteau (F),Natalie Spooner (F),Emily Clark (F),Jennifer Gardiner (F),Hannah Murphy (G) R,Abby Hustler (F) R
Rock n Rollers,Jamie Lee Rattray (F),Marie-Philip Poulin (F),Kristin O’Neill (F),Renata Fast (D),Emily Clark (F),Emerance Maschmeyer (G),Mikyla Grant-Mentis (F),Abby Hustler (F) R
Rink Rats Anonymous ,Loren Gabel (F),Marie-Philip Poulin (F),Sarah Fillier (F),Renata Fast (D),Brianne Jenner (F),Ashton Bell (D),Corinne Schroeder (G),Vanessa Upson (F)
Rezit's Rockets,Jill Saulnier (F),Ann-Renée Desbiens (G),Sarah Fillier (F),Renata Fast (D),Emily Clark (F),Claire Thompson (D),Jenna Buglioni (F) R,Mae Batherson (D)
Rash,Zoe Boyd (D),Marie-Philip Poulin (F),Sarah Fillier (F),Daryl Watts (F),Emily Clark (F),Emerance Maschmeyer (G),Hannah Murphy (G) R,Kendall Cooper (D) R
Rainmakers,Jamie Lee Rattray (F),Marie-Philip Poulin (F),Sarah Fillier (F),Natalie Spooner (F),Emily Clark (F),Sarah Nurse (F),Corinne Schroeder (G),Kendall Cooper (D) R
REF YOU SUCK,Jamie Lee Rattray (F),Ann-Renée Desbiens (G),Sarah Fillier (F),Natalie Spooner (F),Jocelyne Larocque (D),Michela Cava (F),Jenna Buglioni (F) R,Mae Batherson (D)
Quispam Queers,Jamie Lee Rattray (F),Marie-Philip Poulin (F),Sarah Fillier (F),Renata Fast (D),Emily Clark (F),Sophie Jaques (D),Corinne Schroeder (G),Kendall Cooper (D) R
Pucky Charms ,Abby Newhook (F) R,Marie-Philip Poulin (F),Sarah Fillier (F),Ella Shelton (D),Emily Clark (F),Emerance Maschmeyer (G),Julia Gosling (F),Kendall Cooper (D) R
Pucks of Power,Olivia Muhn (D),Marie-Philip Poulin (F),Sarah Fillier (F),Daryl Watts (F),Emily Clark (F),Hannah Miller (F),Corinne Schroeder (G),Kendall Cooper (D) R
Puckin' Fabulous,Jamie Lee Rattray (F),Ann-Renée Desbiens (G),Sarah Fillier (F),Renata Fast (D),Brianne Jenner (F),Jennifer Gardiner (F),Jessie Eldridge (F),Kendall Cooper (D) R
PuckPantheress Hockey Club ,Jamie Lee Rattray (F),Marie-Philip Poulin (F),Sarah Fillier (F),Daryl Watts (F),Emily Clark (F),Sophie Jaques (D),Corinne Schroeder (G),Abby Hustler (F) R
Puck ya,Jill Saulnier (F),Marie-Philip Poulin (F),Sarah Fillier (F),Natalie Spooner (F),Brianne Jenner (F),Hannah Miller (F),Julia Gosling (F),Abby Hustler (F) R
Puck the Patriarchy ,Kelly Babstock (F),Ann-Renée Desbiens (G),Sarah Fillier (F),Ella Shelton (D),Brianne Jenner (F),Claire Thompson (D),Hannah Murphy (G) R,Abby Hustler (F) R
Puck it up,Zoe Boyd (D),Laura Stacey (F),Kristin O’Neill (F),Daryl Watts (F),Rebecca Leslie (F),Sarah Nurse (F),Julia Gosling (F),Abby Hustler (F) R
Puck bunnies,Sophie Shirley (F),Laura Stacey (F),Sarah Fillier (F),Renata Fast (D),Emily Clark (F),Emerance Maschmeyer (G),Danielle Serdachny (F),Kendall Cooper (D) R
Puck Yeah We Love Hockey,Sophie Shirley (F),Maya Labad (F) R,Olivia Knowles (D),Allie Munroe (D),Logan Angers (G),Sarah Nurse (F),Jenna Buglioni (F) R,Kendall Cooper (D) R
Puck Puppers,Abby Newhook (F) R,Marie-Philip Poulin (F),Sarah Fillier (F),Renata Fast (D),Emily Clark (F),Hannah Miller (F),Corinne Schroeder (G),Mae Batherson (D)
Puck Around and Find Out,Zoe Boyd (D),Marie-Philip Poulin (F),Sarah Fillier (F),Emma Maltais (F),Jocelyne Larocque (D),Emerance Maschmeyer (G),Danielle Serdachny (F),Abby Hustler (F) R
Priss Dream Team,Jamie Lee Rattray (F),Marie-Philip Poulin (F),Sarah Fillier (F),Renata Fast (D),Emily Clark (F),Sophie Jaques (D),Corinne Schroeder (G),Abby Hustler (F) R
Power Puck Girls ,Jamie Lee Rattray (F),Marie-Philip Poulin (F),Sarah Fillier (F),Renata Fast (D),Emily Clark (F),Hannah Miller (F),Corinne Schroeder (G),Kendall Cooper (D) R
Poncho's players,Abby Newhook (F) R,Erin Ambrose (D),Kristin O’Neill (F),Claire Dalton (F),Jocelyne Larocque (D),Sophie Jaques (D),Corinne Schroeder (G),Mae Batherson (D)
Pine Riders,Jamie Lee Rattray (F),Ann-Renée Desbiens (G),Sarah Fillier (F),Ella Shelton (D),Emily Clark (F),Sophie Jaques (D),Jenna Buglioni (F) R,Abby Hustler (F) R
Pickled Ginger,Zoe Boyd (D),Marie-Philip Poulin (F),Sarah Fillier (F),Renata Fast (D),Sarah Wozniewicz (F) R,Hannah Miller (F),Mikyla Grant-Mentis (F),Marlène Boissonnault (G)
Penalty Box Baddies,Abby Newhook (F) R,Marie-Philip Poulin (F),Maddi Wheeler (F) R,Renata Fast (D),Jocelyne Larocque (D),Sarah Nurse (F),Carly Jackson (G),Kendall Cooper (D) R
Pay It Forward,Jamie Lee Rattray (F),Marie-Philip Poulin (F),Sarah Fillier (F),Daryl Watts (F),Emily Clark (F),Hannah Miller (F),Jessie Eldridge (F),Abby Hustler (F) R
Patsy#1,Kelly Babstock (F),Laura Stacey (F),Sarah Fillier (F),Daryl Watts (F),Logan Angers (G),Kristen Campbell (G),Jessie Eldridge (F),Marlène Boissonnault (G)
Paging Dr. Thompson ,Sophie Shirley (F),Marie-Philip Poulin (F),Sarah Fillier (F),Renata Fast (D),Emily Clark (F),Claire Thompson (D),Corinne Schroeder (G),Abby Hustler (F) R
PWHL stratford,Abby Newhook (F) R,Marie-Philip Poulin (F),Sarah Fillier (F),Renata Fast (D),Samantha Isbell (D),Emerance Maschmeyer (G),Danielle Serdachny (F),Mae Batherson (D)
PWHL dream team,Jamie Lee Rattray (F),Nicole Gosling (D),Sarah Fillier (F),Emma Maltais (F),Jocelyne Larocque (D),Hannah Miller (F),Corinne Schroeder (G),Cameron Slichk (D)
PWHL WINNIPEG,Abby Newhook (F) R,Ann-Renée Desbiens (G),Sarah Fillier (F),Renata Fast (D),Emily Clark (F),Claire Thompson (D),Danielle Serdachny (F),Abby Hustler (F) R
PDubs ,Kaitlyn Ross (G),Marie-Philip Poulin (F),Sarah Fillier (F),Ella Shelton (D),Emily Clark (F),Hannah Miller (F),Danielle Serdachny (F),Kendall Cooper (D) R
Ottawa Charge ,Zoe Boyd (D),Marie-Philip Poulin (F),Sarah Fillier (F),Natalie Spooner (F),Brianne Jenner (F),Emerance Maschmeyer (G),Danielle Serdachny (F),Kendall Cooper (D) R
Oswald96,Abby Newhook (F) R,Marie-Philip Poulin (F),Sarah Fillier (F),Natalie Spooner (F),Emily Clark (F),Emerance Maschmeyer (G),Danielle Serdachny (F),Kendall Cooper (D) R
Offside Vibes,Zoe Boyd (D),Marie-Philip Poulin (F),Sarah Fillier (F),Natalie Spooner (F),Emily Clark (F),Emerance Maschmeyer (G),Jessie Eldridge (F),Kendall Cooper (D) R
Offbeat Ollie,Zoe Boyd (D),Marie-Philip Poulin (F),Sarah Fillier (F),Emma Maltais (F),Emily Clark (F),Emerance Maschmeyer (G),Danielle Serdachny (F),Kendall Cooper (D) R
Novanoobs,Abby Newhook (F) R,Laura Stacey (F),Sarah Fillier (F),Daryl Watts (F),Emily Clark (F),Emerance Maschmeyer (G),Danielle Serdachny (F),Kendall Cooper (D) R
Northern Shrikes ,Jamie Lee Rattray (F),Ann-Renée Desbiens (G),Sarah Fillier (F),Renata Fast (D),Sarah Wozniewicz (F) R,Jennifer Gardiner (F),Megan Carter (D),Abby Hustler (F) R
Northern Lights,Jamie Lee Rattray (F),Marie-Philip Poulin (F),Sarah Fillier (F),Renata Fast (D),Brianne Jenner (F),Kristen Campbell (G),Corinne Schroeder (G),Kendall Cooper (D) R
Nordiques,Abby Newhook (F) R,Marie-Philip Poulin (F),Sarah Fillier (F),Renata Fast (D),Brianne Jenner (F),Hannah Miller (F),Corinne Schroeder (G),Abby Hustler (F) R
No foolin with Poulin,Abby Newhook (F) R,Marie-Philip Poulin (F),Sarah Fillier (F),Renata Fast (D),Emily Clark (F),Emerance Maschmeyer (G),Mikyla Grant-Mentis (F),Alyssa Machado (F)
Niko Hinks,Abby Newhook (F) R,Laura Stacey (F),Sarah Fillier (F),Blayre Turnbull (F),Emily Clark (F),Hannah Miller (F),Corinne Schroeder (G),Mae Batherson (D)
New Westerners,Jill Saulnier (F),Erin Ambrose (D),Sarah Fillier (F),Natalie Spooner (F),Brianne Jenner (F),Emerance Maschmeyer (G),Jenna Buglioni (F) R,Alyssa Machado (F)
Neutral Zone Nightmares,Jamie Lee Rattray (F),Laura Stacey (F),Sarah Fillier (F),Daryl Watts (F),Emily Clark (F),Sophie Jaques (D),Danielle Serdachny (F),Abby Hustler (F) R
Net Sticks and Chill,Abby Newhook (F) R,Laura Stacey (F),Micah Zandee-Hart (D),Elaine Chuli (G),Brianne Jenner (F),Sarah Nurse (F),Julia Gosling (F),Mae Batherson (D)
Myllow,Abby Newhook (F) R,Marie-Philip Poulin (F),Sarah Fillier (F),Renata Fast (D),Emily Clark (F),Claire Thompson (D),Corinne Schroeder (G),Abby Hustler (F) R
My Queens,Jamie Lee Rattray (F),Laura Stacey (F),Anne Cherkowski (F) R,Renata Fast (D),Emily Clark (F),Jennifer Gardiner (F),Carly Jackson (G),Abby Hustler (F) R
My Cup of Tea,Abby Newhook (F) R,Marie-Philip Poulin (F),Sarah Fillier (F),Ella Shelton (D),Jocelyne Larocque (D),Emerance Maschmeyer (G),Lexie Adzija (F),Mae Batherson (D)
Mutford ,Zoe Boyd (D),Marie-Philip Poulin (F),Sarah Fillier (F),Daryl Watts (F),Emily Clark (F),Ashton Bell (D),Corinne Schroeder (G),Abby Hustler (F) R
Mustangs87,Jamie Lee Rattray (F),Marie-Philip Poulin (F),Sarah Fillier (F),Daryl Watts (F),Jocelyne Larocque (D),Emerance Maschmeyer (G),Danielle Serdachny (F),Kendall Cooper (D) R
Mundy Marauders ,Abby Newhook (F) R,Laura Stacey (F),Sarah Fillier (F),Renata Fast (D),Emily Clark (F),Emerance Maschmeyer (G),Jessie Eldridge (F),Mae Batherson (D)
Mouse24,Sophie Shirley (F),Erin Ambrose (D),Sarah Fillier (F),Natalie Spooner (F),Emily Clark (F),Emerance Maschmeyer (G),Danielle Serdachny (F),Abby Hustler (F) R
Mother Puckers,Jamie Lee Rattray (F),Ann-Renée Desbiens (G),Sarah Fillier (F),Renata Fast (D),Emily Clark (F),Michela Cava (F),Jenna Buglioni (F) R,Kendall Cooper (D) R
Morin's PDUBs,Zoe Boyd (D),Ann-Renée Desbiens (G),Sarah Fillier (F),Renata Fast (D),Emily Clark (F),Hannah Miller (F),Danielle Serdachny (F),Abby Hustler (F) R
Montreal Victoire,Rylind MacKinnon (D),Laura Stacey (F),Olivia Knowles (D),Natalie Spooner (F),Emily Clark (F),Sarah Nurse (F),Corinne Schroeder (G),Kendall Cooper (D) R
Montreal Vics,Abby Newhook (F) R,Ann-Renée Desbiens (G),Sarah Fillier (F),Blayre Turnbull (F),Brianne Jenner (F),Sarah Nurse (F),Mikyla Grant-Mentis (F),Abby Hustler (F) R
Mine Centre Marines,Abby Newhook (F) R,Marie-Philip Poulin (F),Sarah Fillier (F),Natalie Spooner (F),Jocelyne Larocque (D),Ashton Bell (D),Carly Jackson (G),Marlène Boissonnault (G)
Millennium Break,Zoe Boyd (D),Marie-Philip Poulin (F),Sarah Fillier (F),Renata Fast (D),Emily Clark (F),Emerance Maschmeyer (G),Mikyla Grant-Mentis (F),Kendall Cooper (D) R
MikaQc,Jill Saulnier (F),Marie-Philip Poulin (F),Sarah Fillier (F),Emma Maltais (F),Jocelyne Larocque (D),Emerance Maschmeyer (G),Mikyla Grant-Mentis (F),Kendall Cooper (D) R
Midnight,Jill Saulnier (F),Laura Stacey (F),Emmy Fecteau (F),Renata Fast (D),Emily Clark (F),Michela Cava (F),Corinne Schroeder (G),Cameron Slichk (D)
Mid-Ice Crisis,Abby Newhook (F) R,Marie-Philip Poulin (F),Micah Zandee-Hart (D),Emma Maltais (F),Emily Clark (F),Kristen Campbell (G),Mikyla Grant-Mentis (F),Kendall Cooper (D) R
Mewatha ,Loren Gabel (F),Marie-Philip Poulin (F),Anne Cherkowski (F) R,Daryl Watts (F),Brianne Jenner (F),Hannah Miller (F),Jessie Eldridge (F),Abby Hustler (F) R
Megs,Abby Newhook (F) R,Marie-Philip Poulin (F),Olivia Knowles (D),Renata Fast (D),Emily Clark (F),Emerance Maschmeyer (G),Julia Gosling (F),Vanessa Upson (F)
Maxis Madams,Abby Newhook (F) R,Marie-Philip Poulin (F),Sarah Fillier (F),Renata Fast (D),Brianne Jenner (F),Emerance Maschmeyer (G),Mikyla Grant-Mentis (F),Mae Batherson (D)
Mascot Enthusiasts ,Jamie Lee Rattray (F),Marie-Philip Poulin (F),Jaime Bourbonnais (D),Renata Fast (D),Jocelyne Larocque (D),Sarah Nurse (F),Carly Jackson (G),Abby Hustler (F) R
Martin's team ,Zoe Boyd (D),Marie-Philip Poulin (F),Sarah Fillier (F),Daryl Watts (F),Emily Clark (F),Sophie Jaques (D),Corinne Schroeder (G),Abby Hustler (F) R
Manifesting a Win,Jamie Lee Rattray (F),Marie-Philip Poulin (F),Emmy Fecteau (F),Renata Fast (D),Emily Clark (F),Sarah Nurse (F),Corinne Schroeder (G),Kendall Cooper (D) R
Maltaisers,Zoe Boyd (D),Marie-Philip Poulin (F),Sarah Fillier (F),Emma Maltais (F),Elizabeth Giguere (F),Emerance Maschmeyer (G),Mikyla Grant-Mentis (F),Kendall Cooper (D) R
Maltais Magic,Abby Newhook (F) R,Marie-Philip Poulin (F),Jaime Bourbonnais (D),Emma Maltais (F),Elizabeth Giguere (F),Emerance Maschmeyer (G),Danielle Serdachny (F),Mae Batherson (D)
Madzoey,Zoe Boyd (D),Ann-Renée Desbiens (G),Sarah Fillier (F),Renata Fast (D),Emily Clark (F),Jennifer Gardiner (F),Julia Gosling (F),Kendall Cooper (D) R
MVPoulin,Jamie Lee Rattray (F),Marie-Philip Poulin (F),Jaime Bourbonnais (D),Natalie Spooner (F),Emily Clark (F),Kristen Campbell (G),Jessie Eldridge (F),Kendall Cooper (D) R
MUSKOKEN ICE BLADES,Zoe Boyd (D),Laura Stacey (F),Sarah Fillier (F),Elaine Chuli (G),Emily Clark (F),Hannah Miller (F),Mikyla Grant-Mentis (F),Kendall Cooper (D) R
MTL99,Jill Saulnier (F),Marie-Philip Poulin (F),Sarah Fillier (F),Daryl Watts (F),Sarah Wozniewicz (F) R,Claire Thompson (D),Corinne Schroeder (G),Mae Batherson (D)
MTL Sports Girl,Jamie Lee Rattray (F),Ann-Renée Desbiens (G),Sarah Fillier (F),Emma Maltais (F),Emily Clark (F),Claire Thompson (D),Julia Gosling (F),Kendall Cooper (D) R
MTBGEM17 ,Abby Newhook (F) R,Laura Stacey (F),Sarah Fillier (F),Renata Fast (D),Sarah Wozniewicz (F) R,Hannah Miller (F),Jessie Eldridge (F),Marlène Boissonnault (G)
Lockdown,Jamie Lee Rattray (F),Marie-Philip Poulin (F),Sarah Fillier (F),Elaine Chuli (G),Brianne Jenner (F),Claire Thompson (D),Danielle Serdachny (F),Kendall Cooper (D) R
Lizards,Jamie Lee Rattray (F),Marie-Philip Poulin (F),Sarah Fillier (F),Renata Fast (D),Emily Clark (F),Sarah Nurse (F),Corinne Schroeder (G),Kendall Cooper (D) R
Lively Lightning ,Jamie Lee Rattray (F),Ann-Renée Desbiens (G),Anne Cherkowski (F) R,Emma Maltais (F),Jocelyne Larocque (D),Sarah Nurse (F),Julia Gosling (F),Kendall Cooper (D) R
LightningRod,Jamie Lee Rattray (F),Marie-Philip Poulin (F),Sarah Fillier (F),Elaine Chuli (G),Brianne Jenner (F),Sarah Nurse (F),Hannah Murphy (G) R,Kendall Cooper (D) R
Lightning27,Jamie Lee Rattray (F),Marie-Philip Poulin (F),Sarah Fillier (F),Natalie Spooner (F),Brianne Jenner (F),Emerance Maschmeyer (G),Jenna Buglioni (F) R,Kendall Cooper (D) R
Life in the FAST Lane,Jamie Lee Rattray (F),Marie-Philip Poulin (F),Sarah Fillier (F),Renata Fast (D),Emily Clark (F),Sophie Jaques (D),Corinne Schroeder (G),Kendall Cooper (D) R
Let’s Go! ,Abby Newhook (F) R,Nicole Gosling (D),Sarah Fillier (F),Raygan Kirk (G),Jocelyne Larocque (D),Sarah Nurse (F),Lexie Adzija (F),Abby Hustler (F) R
Lesbian Nation,Abby Newhook (F) R,Marie-Philip Poulin (F),Sarah Fillier (F),Daryl Watts (F),Emily Clark (F),Claire Thompson (D),Julia Gosling (F),Abby Hustler (F) R
Les étoiles du nord,Abby Newhook (F) R,Laura Stacey (F),Sarah Fillier (F),Renata Fast (D),Brianne Jenner (F),Hannah Miller (F),Corinne Schroeder (G),Mae Batherson (D)
Les GOATs,Abby Newhook (F) R,Marie-Philip Poulin (F),Sarah Fillier (F),Renata Fast (D),Jocelyne Larocque (D),Kristen Campbell (G),Julia Gosling (F),Alyssa Machado (F)
Les Fricatrices,Jamie Lee Rattray (F),Laura Stacey (F),Kristin O’Neill (F),Renata Fast (D),Jocelyne Larocque (D),Jennifer Gardiner (F),Carly Jackson (G),Abby Hustler (F) R
Lehabitant ,Abby Newhook (F) R,Marie-Philip Poulin (F),Sarah Fillier (F),Daryl Watts (F),Emily Clark (F),Emerance Maschmeyer (G),Danielle Serdachny (F),Vanessa Upson (F)
Lego my Meggo,Rylind MacKinnon (D),Ann-Renée Desbiens (G),Sarah Fillier (F),Daryl Watts (F),Jocelyne Larocque (D),Hannah Miller (F),Julia Gosling (F),Vanessa Upson (F)
Leftcoast Storm,Abby Newhook (F) R,Marie-Philip Poulin (F),Micah Zandee-Hart (D),Natalie Spooner (F),Brianne Jenner (F),Sarah Nurse (F),Carly Jackson (G),Cameron Slichk (D)
Langley blue,Zoe Boyd (D),Marie-Philip Poulin (F),Sarah Fillier (F),Natalie Spooner (F),Jocelyne Larocque (D),Kristen Campbell (G),Julia Gosling (F),Kendall Cooper (D) R
LL Hockey,Zoe Boyd (D),Marie-Philip Poulin (F),Olivia Knowles (D),Renata Fast (D),Brianne Jenner (F),Sarah Nurse (F),Carly Jackson (G),Abby Hustler (F) R
L'équipe Clutch et les Chèvres,Jamie Lee Rattray (F),Marie-Philip Poulin (F),Sarah Fillier (F),Daryl Watts (F),Emily Clark (F),Hannah Miller (F),Jessie Eldridge (F),Abby Hustler (F) R
Kragsta,Jamie Lee Rattray (F),Marie-Philip Poulin (F),Sarah Fillier (F),Ella Shelton (D),Emily Clark (F),Sophie Jaques (D),Corinne Schroeder (G),Abby Hustler (F) R
Knuckle Puckers,Jamie Lee Rattray (F),Ann-Renée Desbiens (G),Sarah Fillier (F),Natalie Spooner (F),Jocelyne Larocque (D),Michela Cava (F),Jenna Buglioni (F) R,Mae Batherson (D)
Killing in the name of jailbreak ,Zoe Boyd (D),Erin Ambrose (D),Maddi Wheeler (F) R,Renata Fast (D),Emily Clark (F),Emerance Maschmeyer (G),Olivia Wallin (F) R,Abby Hustler (F) R
Kevina,Jill Saulnier (F),Laura Stacey (F),Sarah Fillier (F),Natalie Spooner (F),Emily Clark (F),Jennifer Gardiner (F),Hannah Murphy (G) R,Alyssa Machado (F)
Kayhockey09,Loren Gabel (F),Marie-Philip Poulin (F),Sarah Fillier (F),Daryl Watts (F),Emily Clark (F),Claire Thompson (D),Hannah Murphy (G) R,Mae Batherson (D)
Katrine,Olivia Muhn (D),Marie-Philip Poulin (F),Emmy Fecteau (F),Emma Maltais (F),Elizabeth Giguere (F),Sarah Nurse (F),Carly Jackson (G),Marlène Boissonnault (G)
Kandicoco,Abby Newhook (F) R,Laura Stacey (F),Sarah Fillier (F),Natalie Spooner (F),Brianne Jenner (F),Sophie Jaques (D),Julia Gosling (F),Vanessa Upson (F)
KJ,Jamie Lee Rattray (F),Marie-Philip Poulin (F),Sarah Fillier (F),Renata Fast (D),Emily Clark (F),Emerance Maschmeyer (G),Mikyla Grant-Mentis (F),Kendall Cooper (D) R
KG's team,Jamie Lee Rattray (F),Ann-Renée Desbiens (G),Sarah Fillier (F),Renata Fast (D),Emily Clark (F),Sophie Jaques (D),Jessie Eldridge (F),Kendall Cooper (D) R
K-Town Lakers,Abby Newhook (F) R,Ann-Renée Desbiens (G),Micah Zandee-Hart (D),Daryl Watts (F),Emily Clark (F),Hannah Miller (F),Jessie Eldridge (F),Mae Batherson (D)
Just Puckin' Around,Zoe Boyd (D),Ann-Renée Desbiens (G),Sarah Fillier (F),Daryl Watts (F),Emily Clark (F),Claire Thompson (D),Lexie Adzija (F),Abby Hustler (F) R
June’s badass,Rylind MacKinnon (D),Marie-Philip Poulin (F),Kristin O’Neill (F),Renata Fast (D),Sarah Wozniewicz (F) R,Claire Thompson (D),Corinne Schroeder (G),Cameron Slichk (D)
June’s,Abby Newhook (F) R,Marie-Philip Poulin (F),Kristin O’Neill (F),Renata Fast (D),Brianne Jenner (F),Emerance Maschmeyer (G),Hannah Murphy (G) R,Kendall Cooper (D) R
Jessie's Fantasy,Zoe Boyd (D),Marie-Philip Poulin (F),Sarah Fillier (F),Renata Fast (D),Emily Clark (F),Sophie Jaques (D),Corinne Schroeder (G),Abby Hustler (F) R
Jep,Jamie Lee Rattray (F),Ann-Renée Desbiens (G),Jaime Bourbonnais (D),Blayre Turnbull (F),Sarah Wozniewicz (F) R,Sarah Nurse (F),Mikyla Grant-Mentis (F),Abby Hustler (F) R
Jenner’s Hat Trick,Zoe Boyd (D),Marie-Philip Poulin (F),Sarah Fillier (F),Daryl Watts (F),Emily Clark (F),Hannah Miller (F),Corinne Schroeder (G),Mae Batherson (D)
Jaguars,Olivia Muhn (D),Ann-Renée Desbiens (G),Sarah Fillier (F),Daryl Watts (F),Emily Clark (F),Sarah Nurse (F),Megan Carter (D),Kendall Cooper (D) R
JT,Zoe Boyd (D),Marie-Philip Poulin (F),Sarah Fillier (F),Daryl Watts (F),Jocelyne Larocque (D),Sarah Nurse (F),Danielle Serdachny (F),Kendall Cooper (D) R
Islanders,Jamie Lee Rattray (F),Marie-Philip Poulin (F),Sarah Fillier (F),Renata Fast (D),Emily Clark (F),Claire Thompson (D),Jessie Eldridge (F),Abby Hustler (F) R
Islander77,Abby Newhook (F) R,Laura Stacey (F),Sarah Fillier (F),Renata Fast (D),Emily Clark (F),Emerance Maschmeyer (G),Megan Carter (D),Mae Batherson (D)
Irvine Recyclers,Abby Newhook (F) R,Marie-Philip Poulin (F),Sarah Fillier (F),Natalie Spooner (F),Jocelyne Larocque (D),Emerance Maschmeyer (G),Danielle Serdachny (F),Cameron Slichk (D)
IcedDino,Rylind MacKinnon (D),Maya Labad (F) R,Jaime Bourbonnais (D),Raygan Kirk (G),Brooke Hobson (D),Sarah Nurse (F),Carly Jackson (G),Marlène Boissonnault (G)
Ice ice baby,Kelly Babstock (F),Marie-Philip Poulin (F),Sarah Fillier (F),Ella Shelton (D),Emily Clark (F),Emerance Maschmeyer (G),Megan Carter (D),Abby Hustler (F) R
Ice Erinyes,Zoe Boyd (D),Ann-Renée Desbiens (G),Kristin O’Neill (F),Ella Shelton (D),Emily Clark (F),Claire Thompson (D),Corinne Schroeder (G),Abby Hustler (F) R
Hoping for Points!,Jill Saulnier (F),Marie-Philip Poulin (F),Sarah Fillier (F),Renata Fast (D),Emily Clark (F),Sarah Nurse (F),Carly Jackson (G),Kendall Cooper (D) R
Hockeytown,Jamie Lee Rattray (F),Marie-Philip Poulin (F),Sarah Fillier (F),Renata Fast (D),Emily Clark (F),Claire Thompson (D),Corinne Schroeder (G),Abby Hustler (F) R
High Voltage,Abby Newhook (F) R,Marie-Philip Poulin (F),Sarah Fillier (F),Renata Fast (D),Emily Clark (F),Sophie Jaques (D),Corinne Schroeder (G),Mae Batherson (D)
Hellman's Bourbonnais,Abby Newhook (F) R,Marie-Philip Poulin (F),Jaime Bourbonnais (D),Ella Shelton (D),Emily Clark (F),Emerance Maschmeyer (G),Danielle Serdachny (F),Abby Hustler (F) R
Hell Yeahs,Rylind MacKinnon (D),Marie-Philip Poulin (F),Micah Zandee-Hart (D),Blayre Turnbull (F),Elizabeth Giguere (F),Sarah Nurse (F),Jenna Buglioni (F) R,Marlène Boissonnault (G)
HammyC41,Jamie Lee Rattray (F),Marie-Philip Poulin (F),Sarah Fillier (F),Renata Fast (D),Emily Clark (F),Sarah Nurse (F),Carly Jackson (G),Mae Batherson (D)
Halifax rush,Zoe Boyd (D),Laura Stacey (F),Sarah Fillier (F),Renata Fast (D),Emily Clark (F),Hannah Miller (F),Jessie Eldridge (F),Kendall Cooper (D) R
HMG,Rylind MacKinnon (D),Catherine Dubois (F),Sarah Fillier (F),Daryl Watts (F),Jocelyne Larocque (D),Sophie Jaques (D),Carly Jackson (G),Kendall Cooper (D) R
Greatest Pucks Around,Zoe Boyd (D),Ann-Renée Desbiens (G),Micah Zandee-Hart (D),Daryl Watts (F),Emily Clark (F),Sophie Jaques (D),Danielle Serdachny (F),Abby Hustler (F) R
Gordie's Picks,Jill Saulnier (F),Marie-Philip Poulin (F),Sarah Fillier (F),Ella Shelton (D),Emily Clark (F),Michela Cava (F),Danielle Serdachny (F),Mae Batherson (D)
Goofys,Jill Saulnier (F),Ann-Renée Desbiens (G),Sarah Fillier (F),Daryl Watts (F),Jocelyne Larocque (D),Sophie Jaques (D),Danielle Serdachny (F),Abby Hustler (F) R
Goldeneyes 103row13,Zoe Boyd (D),Marie-Philip Poulin (F),Sarah Fillier (F),Daryl Watts (F),Emily Clark (F),Hannah Miller (F),Corinne Schroeder (G),Kendall Cooper (D) R
Golden Seals,Abby Newhook (F) R,Ann-Renée Desbiens (G),Sarah Fillier (F),Emma Maltais (F),Jocelyne Larocque (D),Emerance Maschmeyer (G),Lexie Adzija (F),Mae Batherson (D)
Golden Sceptres ,Jill Saulnier (F),Ann-Renée Desbiens (G),Sarah Fillier (F),Renata Fast (D),Emily Clark (F),Nina Jobst-Smith (D) R,Jessie Eldridge (F),Mae Batherson (D)
Golden Girls,Abby Newhook (F) R,Marie-Philip Poulin (F),Sarah Fillier (F),Emma Maltais (F),Brooke Hobson (D),Sophie Jaques (D),Corinne Schroeder (G),Kendall Cooper (D) R
Go4Gold,Jamie Lee Rattray (F),Marie-Philip Poulin (F),Sarah Fillier (F),Renata Fast (D),Jocelyne Larocque (D),Sarah Nurse (F),Carly Jackson (G),Kendall Cooper (D) R
Gibby’sGang,Loren Gabel (F),Marie-Philip Poulin (F),Sarah Fillier (F),Natalie Spooner (F),Sarah Wozniewicz (F) R,Emerance Maschmeyer (G),Megan Carter (D),Kendall Cooper (D) R
Gberg,Rylind MacKinnon (D),Marie-Philip Poulin (F),Maddi Wheeler (F) R,Sarah Coe (G),Alexa Vasko (F),Nina Jobst-Smith (D) R,Julia Gosling (F),Alyssa Machado (F)
GE,Abby Newhook (F) R,Marie-Philip Poulin (F),Sarah Fillier (F),Renata Fast (D),Jocelyne Larocque (D),Emerance Maschmeyer (G),Jessie Eldridge (F),Kendall Cooper (D) R
Fury ,Abby Newhook (F) R,Marie-Philip Poulin (F),Kayle Osborne (G),Lauren Messier (F),Brooke Hobson (D),Sarah Nurse (F),Megan Carter (D),Mae Batherson (D)
Full Steam Ahead!,Zoe Boyd (D),Marie-Philip Poulin (F),Sarah Fillier (F),Renata Fast (D),Emily Clark (F),Michela Cava (F),Carly Jackson (G),Abby Hustler (F) R
Frozen Assets,Jill Saulnier (F),Erin Ambrose (D),Sarah Fillier (F),Renata Fast (D),Jocelyne Larocque (D),Emerance Maschmeyer (G),Jenna Buglioni (F) R,Alyssa Machado (F)
Frostbit Backcheck Bettys,Jamie Lee Rattray (F),Erin Ambrose (D),Sarah Fillier (F),Ella Shelton (D),Brianne Jenner (F),Emerance Maschmeyer (G),Danielle Serdachny (F),Abby Hustler (F) R
Frost,Sophie Shirley (F),Marie-Philip Poulin (F),Sarah Fillier (F),Renata Fast (D),Logan Angers (G),Sarah Nurse (F),Jessie Eldridge (F),Cameron Slichk (D)
Freyja's Valkyries,Zoe Boyd (D),Marie-Philip Poulin (F),Dayle Ross (D) R,Natalie Spooner (F),Emily Clark (F),Emerance Maschmeyer (G),Julia Gosling (F),Alyssa Machado (F)
Frenchie16 ,Abby Newhook (F) R,Marie-Philip Poulin (F),Sarah Fillier (F),Renata Fast (D),Jocelyne Larocque (D),Emerance Maschmeyer (G),Julia Gosling (F),Alyssa Machado (F)
Freeman,Jamie Lee Rattray (F),Marie-Philip Poulin (F),Sarah Fillier (F),Renata Fast (D),Emily Clark (F),Emerance Maschmeyer (G),Julia Gosling (F),Kendall Cooper (D) R
Free bird ,Jamie Lee Rattray (F),Marie-Philip Poulin (F),Sarah Fillier (F),Daryl Watts (F),Emily Clark (F),Sophie Jaques (D),Corinne Schroeder (G),Kendall Cooper (D) R
Franklin Fury,Abby Newhook (F) R,Ann-Renée Desbiens (G),Sarah Fillier (F),Renata Fast (D),Emily Clark (F),Sophie Jaques (D),Corinne Schroeder (G),Abby Hustler (F) R
Foreman's Finest,Jamie Lee Rattray (F),Katie Tabin (D),Sarah Fillier (F),Renata Fast (D),Brianne Jenner (F),Emerance Maschmeyer (G),Julia Gosling (F),Mae Batherson (D)
Flying Vee,Abby Newhook (F) R,Laura Stacey (F),Sarah Fillier (F),Renata Fast (D),Emily Clark (F),Hannah Miller (F),Corinne Schroeder (G),Mae Batherson (D)
Fleet Flyers,Jamie Lee Rattray (F),Ann-Renée Desbiens (G),Micah Zandee-Hart (D),Ella Shelton (D),Sarah Wozniewicz (F) R,Hannah Miller (F),Jenna Buglioni (F) R,Abby Hustler (F) R
FirstRounder,Zoe Boyd (D),Marie-Philip Poulin (F),Sarah Fillier (F),Renata Fast (D),Brianne Jenner (F),Emerance Maschmeyer (G),Mikyla Grant-Mentis (F),Kendall Cooper (D) R
Firestorm,Abby Newhook (F) R,Marie-Philip Poulin (F),Olivia Knowles (D),Blayre Turnbull (F),Jocelyne Larocque (D),Sarah Nurse (F),Carly Jackson (G),Mae Batherson (D)
Fillier Instinct,Zoe Boyd (D),Marie-Philip Poulin (F),Sarah Fillier (F),Ella Shelton (D),Emily Clark (F),Michela Cava (F),Corinne Schroeder (G),Kendall Cooper (D) R
Ferdiebirdies,Jamie Lee Rattray (F),Marie-Philip Poulin (F),Dayle Ross (D) R,Renata Fast (D),Emily Clark (F),Sarah Nurse (F),Lexie Adzija (F),Marlène Boissonnault (G)
Fast & Furious,Jamie Lee Rattray (F),Marie-Philip Poulin (F),Micah Zandee-Hart (D),Renata Fast (D),Emily Clark (F),Emerance Maschmeyer (G),Danielle Serdachny (F),Vanessa Upson (F)
Farley,Jamie Lee Rattray (F),Ann-Renée Desbiens (G),Sarah Fillier (F),Daryl Watts (F),Jocelyne Larocque (D),Sophie Jaques (D),Jessie Eldridge (F),Abby Hustler (F) R
Fantasy League Menace,Jill Saulnier (F),Ann-Renée Desbiens (G),Sarah Fillier (F),Renata Fast (D),Emily Clark (F),Sarah Nurse (F),Jenna Buglioni (F) R,Mae Batherson (D)
Fantastic eight,Jill Saulnier (F),Marie-Philip Poulin (F),Olivia Knowles (D),Daryl Watts (F),Emily Clark (F),Hannah Miller (F),Julia Gosling (F),Kendall Cooper (D) R
Fantaslay Team,Abby Newhook (F) R,Marie-Philip Poulin (F),Sarah Fillier (F),Renata Fast (D),Emily Clark (F),Emerance Maschmeyer (G),Jessie Eldridge (F),Mae Batherson (D)
Falcons ,Abby Newhook (F) R,Marie-Philip Poulin (F),Sarah Fillier (F),Renata Fast (D),Emily Clark (F),Emerance Maschmeyer (G),Jessie Eldridge (F),Mae Batherson (D)
FROSTBIT FORCE,Jamie Lee Rattray (F),Marie-Philip Poulin (F),Sarah Fillier (F),Renata Fast (D),Brianne Jenner (F),Emerance Maschmeyer (G),Danielle Serdachny (F),Kendall Cooper (D) R
FROSTBIT BLUELINE,Jamie Lee Rattray (F),Ann-Renée Desbiens (G),Sarah Fillier (F),Renata Fast (D),Brianne Jenner (F),Sophie Jaques (D),Julia Gosling (F),Abby Hustler (F) R
FASTasFast,Jamie Lee Rattray (F),Marie-Philip Poulin (F),Sarah Fillier (F),Renata Fast (D),Emily Clark (F),Emerance Maschmeyer (G),Megan Carter (D),Abby Hustler (F) R
Everything is H,Jill Saulnier (F),Marie-Philip Poulin (F),Kayle Osborne (G),Ella Shelton (D),Brianne Jenner (F),Sarah Nurse (F),Lily Yovetich (D),Abby Hustler (F) R
Escape Charge,Jamie Lee Rattray (F),Ann-Renée Desbiens (G),Anne Cherkowski (F) R,Natalie Spooner (F),Emily Clark (F),Ashton Bell (D),Lexie Adzija (F),Abby Hustler (F) R
Erins tean,Jill Saulnier (F),Marie-Philip Poulin (F),Micah Zandee-Hart (D),Ella Shelton (D),Emily Clark (F),Jennifer Gardiner (F),Carly Jackson (G),Alyssa Machado (F)
Emski20,Zoe Boyd (D),Marie-Philip Poulin (F),Sarah Fillier (F),Emma Maltais (F),Emily Clark (F),Hannah Miller (F),Carly Jackson (G),Kendall Cooper (D) R
Emma’s Gals ,Jamie Lee Rattray (F),Laura Stacey (F),Maddi Wheeler (F) R,Renata Fast (D),Jocelyne Larocque (D),Hannah Miller (F),Corinne Schroeder (G),Abby Hustler (F) R
Emmalymac ,Rylind MacKinnon (D),Marie-Philip Poulin (F),Sarah Fillier (F),Renata Fast (D),Emily Clark (F),Emerance Maschmeyer (G),Jessie Eldridge (F),Alyssa Machado (F)
Edmonton Hawks,Jamie Lee Rattray (F),Ann-Renée Desbiens (G),Sarah Fillier (F),Renata Fast (D),Emily Clark (F),Sarah Nurse (F),Corinne Schroeder (G),Kendall Cooper (D) R
Eckenswiller,Zoe Boyd (D),Marie-Philip Poulin (F),Sarah Fillier (F),Emma Maltais (F),Emily Clark (F),Claire Thompson (D),Carly Jackson (G),Abby Hustler (F) R
East Van Effervescence,Jamie Lee Rattray (F),Ann-Renée Desbiens (G),Sarah Fillier (F),Natalie Spooner (F),Jocelyne Larocque (D),Emerance Maschmeyer (G),Mikyla Grant-Mentis (F),Kendall Cooper (D) R
EH+2025,Jill Saulnier (F),Ann-Renée Desbiens (G),Sarah Fillier (F),Renata Fast (D),Jocelyne Larocque (D),Sarah Nurse (F),Julia Gosling (F),Abby Hustler (F) R
Dynamos ,Abby Newhook (F) R,Marie-Philip Poulin (F),Micah Zandee-Hart (D),Raygan Kirk (G),Jocelyne Larocque (D),Jennifer Gardiner (F),Julia Gosling (F),Abby Hustler (F) R
Durham Dormice,Jamie Lee Rattray (F),Ann-Renée Desbiens (G),Sarah Fillier (F),Renata Fast (D),Brianne Jenner (F),Sarah Nurse (F),Corinne Schroeder (G),Kendall Cooper (D) R
Durds Crew,Abby Newhook (F) R,Marie-Philip Poulin (F),Sarah Fillier (F),Natalie Spooner (F),Emily Clark (F),Emerance Maschmeyer (G),Julia Gosling (F),Abby Hustler (F) R
Dilly Lomo,Abby Newhook (F) R,Marie-Philip Poulin (F),Sarah Fillier (F),Renata Fast (D),Emily Clark (F),Sophie Jaques (D),Corinne Schroeder (G),Abby Hustler (F) R
Dika,Jamie Lee Rattray (F),Ann-Renée Desbiens (G),Sarah Fillier (F),Renata Fast (D),Jocelyne Larocque (D),Hannah Miller (F),Jessie Eldridge (F),Mae Batherson (D)
Danielle Save our Season,Zoe Boyd (D),Marie-Philip Poulin (F),Sarah Fillier (F),Ella Shelton (D),Emily Clark (F),Hannah Miller (F),Hannah Murphy (G) R,Mae Batherson (D)
Danger Rangerzzz ,Jamie Lee Rattray (F),Ann-Renée Desbiens (G),Sarah Fillier (F),Daryl Watts (F),Emily Clark (F),Claire Thompson (D),Jessie Eldridge (F),Kendall Cooper (D) R
DT,Jamie Lee Rattray (F),Marie-Philip Poulin (F),Kristin O’Neill (F),Natalie Spooner (F),Jocelyne Larocque (D),Jennifer Gardiner (F),Carly Jackson (G),Kendall Cooper (D) R
DD4ME,Zoe Boyd (D),Ann-Renée Desbiens (G),Sarah Fillier (F),Daryl Watts (F),Stephanie Markowski (D),Hannah Miller (F),Julia Gosling (F),Mae Batherson (D)
Cygnus Swans,Zoe Boyd (D),Ann-Renée Desbiens (G),Sarah Fillier (F),Renata Fast (D),Emily Clark (F),Michela Cava (F),Mikyla Grant-Mentis (F),Kendall Cooper (D) R
Country Schroeds,Abby Newhook (F) R,Marie-Philip Poulin (F),Sarah Fillier (F),Renata Fast (D),Emily Clark (F),Sophie Jaques (D),Corinne Schroeder (G),Abby Hustler (F) R
Cooperalls,Jamie Lee Rattray (F),Ann-Renée Desbiens (G),Sarah Fillier (F),Daryl Watts (F),Emily Clark (F),Sophie Jaques (D),Danielle Serdachny (F),Kendall Cooper (D) R
Control + Alt + Dangle,Jamie Lee Rattray (F),Ann-Renée Desbiens (G),Sarah Fillier (F),Renata Fast (D),Brianne Jenner (F),Sophie Jaques (D),Lexie Adzija (F),Kendall Cooper (D) R
Coach Chirpy,Jamie Lee Rattray (F),Marie-Philip Poulin (F),Sarah Fillier (F),Renata Fast (D),Emily Clark (F),Sophie Jaques (D),Corinne Schroeder (G),Kendall Cooper (D) R
Clutch Canadians,Jamie Lee Rattray (F),Ann-Renée Desbiens (G),Sarah Fillier (F),Daryl Watts (F),Emily Clark (F),Hannah Miller (F),Jessie Eldridge (F),Abby Hustler (F) R
Clutch,Abby Newhook (F) R,Marie-Philip Poulin (F),Sarah Fillier (F),Renata Fast (D),Emily Clark (F),Michela Cava (F),Corinne Schroeder (G),Mae Batherson (D)
Clarkie’s Crew,Jamie Lee Rattray (F),Marie-Philip Poulin (F),Sarah Fillier (F),Natalie Spooner (F),Emily Clark (F),Claire Thompson (D),Julia Gosling (F),Kendall Cooper (D) R
Clara's Team,Jamie Lee Rattray (F),Laura Stacey (F),Sarah Fillier (F),Renata Fast (D),Emily Clark (F),Hannah Miller (F),Jenna Buglioni (F) R,Abby Hustler (F) R
Chuchuchuli,Abby Newhook (F) R,Erin Ambrose (D),Kristin O’Neill (F),Elaine Chuli (G),Jocelyne Larocque (D),Hannah Miller (F),Danielle Serdachny (F),Alyssa Machado (F)
Chippy Chiquitas ,Jill Saulnier (F),Marie-Philip Poulin (F),Anne Cherkowski (F) R,Renata Fast (D),Emily Clark (F),Claire Thompson (D),Carly Jackson (G),Abby Hustler (F) R
Champs,Zoe Boyd (D),Marie-Philip Poulin (F),Kristin O’Neill (F),Elaine Chuli (G),Emily Clark (F),Hannah Miller (F),Olivia Wallin (F) R,Alyssa Machado (F)
Chalk & Ice,Loren Gabel (F),Ann-Renée Desbiens (G),Sarah Fillier (F),Daryl Watts (F),Emily Clark (F),Sarah Nurse (F),Jessie Eldridge (F),Vanessa Upson (F)
Canadian Geese,Zoe Boyd (D),Ann-Renée Desbiens (G),Sarah Fillier (F),Daryl Watts (F),Emily Clark (F),Emerance Maschmeyer (G),Julia Gosling (F),Kendall Cooper (D) R
Canadian Crushers,Jamie Lee Rattray (F),Marie-Philip Poulin (F),Sarah Fillier (F),Renata Fast (D),Emily Clark (F),Hannah Miller (F),Hannah Murphy (G) R,Kendall Cooper (D) R
Canadian Cobras,Jamie Lee Rattray (F),Marie-Philip Poulin (F),Sarah Fillier (F),Daryl Watts (F),Emily Clark (F),Emerance Maschmeyer (G),Danielle Serdachny (F),Abby Hustler (F) R
CanadaStrong,Abby Newhook (F) R,Erin Ambrose (D),Sarah Fillier (F),Daryl Watts (F),Brianne Jenner (F),Emerance Maschmeyer (G),Jessie Eldridge (F),Kendall Cooper (D) R
Canada Queens,Jamie Lee Rattray (F),Ann-Renée Desbiens (G),Sarah Fillier (F),Daryl Watts (F),Emily Clark (F),Sophie Jaques (D),Jenna Buglioni (F) R,Mae Batherson (D)
CL,Abby Newhook (F) R,Ann-Renée Desbiens (G),Emmy Fecteau (F),Renata Fast (D),Brianne Jenner (F),Sarah Nurse (F),Danielle Serdachny (F),Abby Hustler (F) R
C.A Stangs ,Jamie Lee Rattray (F),Marie-Philip Poulin (F),Sarah Fillier (F),Renata Fast (D),Emily Clark (F),Hannah Miller (F),Corinne Schroeder (G),Kendall Cooper (D) R
Buzzed Bunny,Jamie Lee Rattray (F),Marie-Philip Poulin (F),Micah Zandee-Hart (D),Ella Shelton (D),Emily Clark (F),Emerance Maschmeyer (G),Danielle Serdachny (F),Kendall Cooper (D) R
Burr17,Jamie Lee Rattray (F),Marie-Philip Poulin (F),Sarah Fillier (F),Renata Fast (D),Emily Clark (F),Emerance Maschmeyer (G),Jessie Eldridge (F),Kendall Cooper (D) R
Bronwyn's Beauts,Jamie Lee Rattray (F),Ann-Renée Desbiens (G),Sarah Fillier (F),Renata Fast (D),Stephanie Markowski (D),Hannah Miller (F),Julia Gosling (F),Vanessa Upson (F)
Brady’s Ladies,Jamie Lee Rattray (F),Laura Stacey (F),Sarah Fillier (F),Raygan Kirk (G),Emily Clark (F),Sophie Jaques (D),Danielle Serdachny (F),Kendall Cooper (D) R
Box Scorers,Abby Newhook (F) R,Marie-Philip Poulin (F),Sarah Fillier (F),Daryl Watts (F),Emily Clark (F),Claire Thompson (D),Corinne Schroeder (G),Kendall Cooper (D) R
Blokes Best ,Rylind MacKinnon (D),Marie-Philip Poulin (F),Sarah Fillier (F),Daryl Watts (F),Emily Clark (F),Emerance Maschmeyer (G),Jessie Eldridge (F),Kendall Cooper (D) R
Big Stick Energy,Zoe Boyd (D),Marie-Philip Poulin (F),Sarah Fillier (F),Renata Fast (D),Emily Clark (F),Emerance Maschmeyer (G),Danielle Serdachny (F),Kendall Cooper (D) R
BestCoast,Jamie Lee Rattray (F),Marie-Philip Poulin (F),Sarah Fillier (F),Renata Fast (D),Jocelyne Larocque (D),Emerance Maschmeyer (G),Jessie Eldridge (F),Abby Hustler (F) R
Bep’s team,Jill Saulnier (F),Ann-Renée Desbiens (G),Emmy Fecteau (F),Emma Maltais (F),Brianne Jenner (F),Sarah Nurse (F),Danielle Serdachny (F),Mae Batherson (D)
Beer League Beauties ,Zoe Boyd (D),Marie-Philip Poulin (F),Jaime Bourbonnais (D),Emma Maltais (F),Emily Clark (F),Sarah Nurse (F),Carly Jackson (G),Abby Hustler (F) R
Beaver Blades,Jamie Lee Rattray (F),Marie-Philip Poulin (F),Sarah Fillier (F),Renata Fast (D),Emily Clark (F),Sophie Jaques (D),Corinne Schroeder (G),Kendall Cooper (D) R
Beaullers Beauties ,Sophie Shirley (F),Laura Stacey (F),Sarah Fillier (F),Natalie Spooner (F),Kendra Woodland (G),Nina Jobst-Smith (D) R,Megan Carter (D),Kendall Cooper (D) R
Beast Beauty Brains,Zoe Boyd (D),Marie-Philip Poulin (F),Kristin O’Neill (F),Renata Fast (D),Emily Clark (F),Hannah Miller (F),Carly Jackson (G),Vanessa Upson (F)
BarDown Beauts,Zoe Boyd (D),Marie-Philip Poulin (F),Sarah Fillier (F),Blayre Turnbull (F),Jocelyne Larocque (D),Emerance Maschmeyer (G),Danielle Serdachny (F),Kendall Cooper (D) R
Band-Aid Brigade,Zoe Boyd (D),Ann-Renée Desbiens (G),Kayle Osborne (G),Raygan Kirk (G),Emily Clark (F),Emerance Maschmeyer (G),Corinne Schroeder (G),Kendall Cooper (D) R
Baird’s,Zoe Boyd (D),Marie-Philip Poulin (F),Sarah Fillier (F),Renata Fast (D),Emily Clark (F),Sarah Nurse (F),Corinne Schroeder (G),Kendall Cooper (D) R
Babs ,Jamie Lee Rattray (F),Ann-Renée Desbiens (G),Sarah Fillier (F),Renata Fast (D),Emily Clark (F),Kristen Campbell (G),Corinne Schroeder (G),Kendall Cooper (D) R
B-dot,Abby Newhook (F) R,Ann-Renée Desbiens (G),Sarah Fillier (F),Daryl Watts (F),Emily Clark (F),Hannah Miller (F),Jessie Eldridge (F),Abby Hustler (F) R
Auntie2_6,Loren Gabel (F),Ann-Renée Desbiens (G),Sarah Fillier (F),Daryl Watts (F),Jocelyne Larocque (D),Sarah Nurse (F),Danielle Serdachny (F),Kendall Cooper (D) R
Arcturus,Zoe Boyd (D),Marie-Philip Poulin (F),Sarah Fillier (F),Renata Fast (D),Brianne Jenner (F),Emerance Maschmeyer (G),Danielle Serdachny (F),Abby Hustler (F) R
Andreia’s Awesome Team,Jamie Lee Rattray (F),Marie-Philip Poulin (F),Sarah Fillier (F),Daryl Watts (F),Emily Clark (F),Claire Thompson (D),Corinne Schroeder (G),Kendall Cooper (D) R
Amanda,Loren Gabel (F),Ann-Renée Desbiens (G),Sarah Fillier (F),Renata Fast (D),Emily Clark (F),Sophie Jaques (D),Corinne Schroeder (G),Kendall Cooper (D) R
AltheticsR#1,Zoe Boyd (D),Ann-Renée Desbiens (G),Sarah Fillier (F),Daryl Watts (F),Emily Clark (F),Hannah Miller (F),Jessie Eldridge (F),Kendall Cooper (D) R
AllezVictoire,Jamie Lee Rattray (F),Marie-Philip Poulin (F),Sarah Fillier (F),Renata Fast (D),Emily Clark (F),Hannah Miller (F),Corinne Schroeder (G),Kendall Cooper (D) R
All Canadian!,Jamie Lee Rattray (F),Laura Stacey (F),Kristin O’Neill (F),Renata Fast (D),Emily Clark (F),Hannah Miller (F),Jessie Eldridge (F),Abby Hustler (F) R
Aearned Ice Time,Jamie Lee Rattray (F),Marie-Philip Poulin (F),Sarah Fillier (F),Emma Maltais (F),Emily Clark (F),Emerance Maschmeyer (G),Julia Gosling (F),Kendall Cooper (D) R
AB ROCKIES,Jamie Lee Rattray (F),Marie-Philip Poulin (F),Sarah Fillier (F),Natalie Spooner (F),Brianne Jenner (F),Sarah Nurse (F),Julia Gosling (F),Abby Hustler (F) R
AB CLIPPERS,Jill Saulnier (F),Laura Stacey (F),Sarah Fillier (F),Natalie Spooner (F),Brianne Jenner (F),Sarah Nurse (F),Danielle Serdachny (F),Abby Hustler (F) R
60% chance of ice pellets,Jamie Lee Rattray (F),Laura Stacey (F),Kira Juodikis (F),Renata Fast (D),Jocelyne Larocque (D),Claire Thompson (D),Carly Jackson (G),Abby Hustler (F) R
3kidsgibb,Abby Newhook (F) R,Erin Ambrose (D),Sarah Fillier (F),Renata Fast (D),Emily Clark (F),Emerance Maschmeyer (G),Lexie Adzija (F),Mae Batherson (D)
2Fast4U,Jill Saulnier (F),Ann-Renée Desbiens (G),Sarah Fillier (F),Renata Fast (D),Brianne Jenner (F),Hannah Miller (F),Danielle Serdachny (F),Abby Hustler (F) R
204to604,Abby Newhook (F) R,Marie-Philip Poulin (F),Sarah Fillier (F),Emma Maltais (F),Sarah Wozniewicz (F) R,Jennifer Gardiner (F),Danielle Serdachny (F),Abby Hustler (F) R
14CC,Jamie Lee Rattray (F),Laura Stacey (F),Kristin O’Neill (F),Daryl Watts (F),Sarah Wozniewicz (F) R,Sophie Jaques (D),Megan Carter (D),Vanessa Upson (F)